Txhash;Blockno;UnixTimestamp;DateTime;From;To;ContractAddress;Value_IN(ETH);Value_OUT(ETH);CurrentValue @ $521.89/Eth;TxnFee(ETH);TxnFee(USD);Historical $Price/Eth;Status;ErrCode
0x2c0d2b3c9e56c5fb0d281a2c25ba57fba0807292f3839ac04ef65124629f4713;11337188;1606435397;2020-11-27 00:03:17;0x6ae8a32926883810bd67b1bbd16723a06feda227;0xfef0d2f3a79b4338d8418003dd9df89281242063;;0;0;0;0.00407706;2.1277768434;;;
0xe2cd1dc842dccbe5c700c2b2adcc1631a00d79fa9d067fb5721a0cc3d8cfd6cd;11337188;1606435397;2020-11-27 00:03:17;0x6ae8a32926883810bd67b1bbd16723a06feda227;0xfef0d2f3a79b4338d8418003dd9df89281242063;;0;0;0;0.0008402416;0.4385136873;;Error(0);Reverted
0xc58eb205e3fd0f618eff259646c121f7a6ea8d9276d7c28ec6aab16ce3258ae1;11337188;1606435397;2020-11-27 00:03:17;0x6ae8a32926883810bd67b1bbd16723a06feda227;0xfef0d2f3a79b4338d8418003dd9df89281242063;;0;0;0;0.000872817;0.4555144641;;Error(0);Reverted
0x74c9f8b9fef98a23a3fa9d366d5760930595fddb752eeb6ab8861b93a806bd7f;11337189;1606435408;2020-11-27 00:03:28;0x00004242977623206f68ede3bf63c82887fb8849;0xfef0d2f3a79b4338d8418003dd9df89281242063;;0;0;0;0.0100204;5.229546556;;;
0xc9d7487b7d6af3e08feaef1778750e622233fd47f867d7aa7229d8f37fe074ab;11337193;1606435476;2020-11-27 00:04:36;0xb5b9e3be499f42ca54089258c5133aead4d593e8;0xfef0d2f3a79b4338d8418003dd9df89281242063;;0.05;0;26.0945;0.003802755;1.984619807;;;
0x1726488da9e2f9e572260d10c4ab6fce7c2254ab24270b7d21aaa55fddeb590c;11337195;1606435488;2020-11-27 00:04:48;0x82191a7e16dced3deae7ab2df26a5bf2c13c35fa;0xfef0d2f3a79b4338d8418003dd9df89281242063;;0.05;0;26.0945;0.000721728;0.3766626455;;Error(0);Reverted
0x048a6e2f03ae60f6e7943786d7e486026de2186507b71445081f48b7d4c472da;11337203;1606435541;2020-11-27 00:05:41;0x4cc64f3279ea924009d821aee3d4139ab63c72ef;0xfef0d2f3a79b4338d8418003dd9df89281242063;;0.05;0;26.0945;0.000695952;0.3632103893;;Error(0);Reverted
0x2986116e75c0d1d30886e895d4d82e53dc75ed89dd1c03989fc21c3691abe8c2;11337208;1606435593;2020-11-27 00:06:33;0x866c521883bc8cb7c59769e2a06ef38cc685915e;0xfef0d2f3a79b4338d8418003dd9df89281242063;;0.1;0;52.189;0.003802755;1.984619807;;;
0x22f0e454590456f0af4aaa23d960e502cc2c884bb2297ed668864af65c58aa17;11337224;1606435719;2020-11-27 00:08:39;0x64bbae7b0c31c1af5c5b6521f8712762de620bbc;0xfef0d2f3a79b4338d8418003dd9df89281242063;;0.2;0;104.378;0.0005828598;0.3041887145;;Error(0);Reverted
0x7c652c477af30b9a8ddd2418d4954abc2c00d5086b339aa9acd46d667e41459c;11337224;1606435719;2020-11-27 00:08:39;0x214cb143d440a9dc96e4b41f8f9f32fa68798f31;0xfef0d2f3a79b4338d8418003dd9df89281242063;;2.06;0;1075.0934;0.0005763635;0.3007983366;;Error(0);Reverted
0xd3fb18c8a900b786ea6a36879f9f88c42af201b4bd83bc4392a638ae85acf1af;11337226;1606435732;2020-11-27 00:08:52;0xd67cc55e9f239c6f9036e43d12df77109309a799;0xfef0d2f3a79b4338d8418003dd9df89281242063;;1.5;0;782.835;0.000567072;0.2959492061;;Error(0);Reverted
0x06f254b368ce4a92a45b9967104268f6b2a6292ada2b38d3c3663604b89e099c;11337226;1606435732;2020-11-27 00:08:52;0xdf12cee8c264b31040b1e99c3b9d4b339be49996;0xfef0d2f3a79b4338d8418003dd9df89281242063;;0.24;0;125.2536;0.000541044;0.2823654728;;Error(0);Reverted
0xea45249e65f33585b11ddd1260a1c6e131a9d25b3cc27a80d994799a55ed32a4;11337227;1606435734;2020-11-27 00:08:54;0xba0bd41d37f68eb5790baecfb663161572f2c845;0xfef0d2f3a79b4338d8418003dd9df89281242063;;0.5;0;260.945;0.000850608;0.4439238091;;Error(0);Reverted
0x0b3e1c4cfb9db81cd0e6d0ecd0771887f7ef3253209c457ffc5d32c2e502bd0e;11337229;1606435751;2020-11-27 00:09:11;0x354844521dffa853df55d40aeaa4665c01fc8246;0xfef0d2f3a79b4338d8418003dd9df89281242063;;0.95;0;495.7955;0.0072278754;3.7721559039;;;
0x8059d6a3045fe63152e76a1be65e8e56776b03555269a217b8c55dfc3d332a51;11337229;1606435751;2020-11-27 00:09:11;0xe3b9d1361c78e89e39713fb00adcdc431b2d0781;0xfef0d2f3a79b4338d8418003dd9df89281242063;;0.05;0;26.0945;0.0028494185;1.4870830203;;;
0xbcc55edf6f0b981d1d2178ac0048eb2a533e5fdefe2390475bda7584a90f72a2;11337232;1606435778;2020-11-27 00:09:38;0x555ae88f5ab8844ec93fe92397c009816b21111e;0xfef0d2f3a79b4338d8418003dd9df89281242063;;0.08;0;41.7512;0.0005178565;0.2702641074;;Error(0);Reverted
0x8b47624dd27f07b4a34aea29feb58514549af504724e7ee78603c81bcdaca947;11337232;1606435778;2020-11-27 00:09:38;0x555ae88f5ab8844ec93fe92397c009816b21111e;0xfef0d2f3a79b4338d8418003dd9df89281242063;;0.07;0;36.5323;0.000721392;0.3764872905;;Error(0);Reverted
0x4820639fdcbec061dd52fc0a39db8d21dfe79b000d2c6bfffce85ab56fc863ee;11337232;1606435778;2020-11-27 00:09:38;0x6d1e1852c8c536be83bcc6b1f6568bb2d857c0e8;0xfef0d2f3a79b4338d8418003dd9df89281242063;;0.1;0;52.189;0.0005180977;0.2703899873;;Error(0);Reverted
0x1b15d53a6f42e01436b0851efe6f10f0a4e023c2cd79ce5b8d6d9a41e7535486;11337242;1606435895;2020-11-27 00:11:35;0x555ae88f5ab8844ec93fe92397c009816b21111e;0xfef0d2f3a79b4338d8418003dd9df89281242063;;0.08;0;41.7512;0.0026616516;1.3890893346;;;
0x52f9a40e6d68c0a33254816e61170531d9ca098553dd3fd9d6cf6e2d792fb74a;11337262;1606436156;2020-11-27 00:15:56;0xbae5964c7c150055cdbf3e3989b7fe521cd33216;0xfef0d2f3a79b4338d8418003dd9df89281242063;;0.525;0;273.99225;0.0026619288;1.3892340025;;;
0x3d96ab59de94d56d10ddef142f03bd5bf99995f3074d755ededc181ea5c893db;11337263;1606436160;2020-11-27 00:16:00;0x012e0340f5af887d3d1ff67f01d2fae51b4f8063;0xfef0d2f3a79b4338d8418003dd9df89281242063;;0.05;0;26.0945;0.0026619288;1.3892340025;;;
0xd6dc3ac3e159861afe0ae09c7bf1c61a7b99ee7d170a916cdf5fa7fcba3cafe3;11337272;1606436221;2020-11-27 00:17:01;0x9b587299bf4935c0b330b012b1b3438fe4612dd1;0xfef0d2f3a79b4338d8418003dd9df89281242063;;0.25;0;130.4725;0.0005180976;0.2703899565;;Error(0);Reverted
0xf1244d47a4b8dde807bfc6ec6fbc0f2b83dcdb8fbeac121484bb83619ccec387;11337272;1606436221;2020-11-27 00:17:01;0x9b587299bf4935c0b330b012b1b3438fe4612dd1;0xfef0d2f3a79b4338d8418003dd9df89281242063;;0.25;0;130.4725;0.0005180977;0.2703899873;;Error(0);Reverted
0xef1576c80a7a7948f223fade4a9b8322f2d064ea77fc14314fc6acab8759a4e0;11337272;1606436221;2020-11-27 00:17:01;0x9b587299bf4935c0b330b012b1b3438fe4612dd1;0xfef0d2f3a79b4338d8418003dd9df89281242063;;0.24;0;125.2536;0.0005699074;0.2974289521;;Error(0);Reverted
0xd7f67e588398f79aa7a848e536250da368963b5aec33729a7973d0ecf7304e1f;11337272;1606436221;2020-11-27 00:17:01;0x9b587299bf4935c0b330b012b1b3438fe4612dd1;0xfef0d2f3a79b4338d8418003dd9df89281242063;;0.24;0;125.2536;0.000695952;0.3632103893;;Error(0);Reverted
0xb407fce530120052a84b93192b282242c049f2b045d3be043a32029707702996;11337272;1606436221;2020-11-27 00:17:01;0x9b587299bf4935c0b330b012b1b3438fe4612dd1;0xfef0d2f3a79b4338d8418003dd9df89281242063;;0.24;0;125.2536;0.000695952;0.3632103893;;Error(0);Reverted
0x9de83451dd35a70fe533b849898d41356d83313b08ce8ccdf3716005e80914a9;11337272;1606436221;2020-11-27 00:17:01;0xc27006affa2bb48de0cf77ecf4cf9835640cf6f2;0xfef0d2f3a79b4338d8418003dd9df89281242063;;0.25;0;130.4725;0.0005180976;0.2703899565;;Error(0);Reverted
0x11554d3f9d28c02356bb487e330fb1d25eb494e9aa47ef46d842540e7a3774ca;11337273;1606436226;2020-11-27 00:17:06;0x74a9883b4ae631782cdae77e3104e2a775af3572;0xfef0d2f3a79b4338d8418003dd9df89281242063;;1;0;521.89;0.0005178564;0.2702640766;;Error(0);Reverted
0x7dff397ec0c4e7fc61b0d1ea28b9cef94a56913f476e5dc6fe660ffa8e09a397;11337273;1606436226;2020-11-27 00:17:06;0x74a9883b4ae631782cdae77e3104e2a775af3572;0xfef0d2f3a79b4338d8418003dd9df89281242063;;1;0;521.89;0.000875976;0.4571631146;;Error(0);Reverted
0x8e9faa3dd4fe46862f354b02dd4ff93532c7464f8b76d1ec03bf759d3ecd8afd;11337274;1606436236;2020-11-27 00:17:16;0xe92a014e59210bafd9302c42dc0a96f0006e1cd1;0xfef0d2f3a79b4338d8418003dd9df89281242063;;1;0;521.89;0.0005180976;0.2703899565;;Error(0);Reverted
0x3d6eef6da52f0e41da84ed6d62f7d72e04786bc448997d775855e0db56602de8;11337275;1606436243;2020-11-27 00:17:23;0x8bb60857ef7b2fca183d4bb2c1388d7d645496ae;0xfef0d2f3a79b4338d8418003dd9df89281242063;;1;0;521.89;0.0005180976;0.2703899565;;Error(0);Reverted
0x3f860d07a5fc5eb325ddeb11af6cfda0d1ae28b51b9df02bf053e7f0d3b546c3;11337275;1606436243;2020-11-27 00:17:23;0x8bb60857ef7b2fca183d4bb2c1388d7d645496ae;0xfef0d2f3a79b4338d8418003dd9df89281242063;;0.5;0;260.945;0.000567072;0.2959492061;;Error(0);Reverted
0x3bd7575dc4540d87c9b108e9ebc3f96935df4c37efe9caf58269291aee0bff8d;11337279;1606436273;2020-11-27 00:17:53;0xd729f8f5cdff11b852d49f530924090bccb9da47;0xfef0d2f3a79b4338d8418003dd9df89281242063;;0.07;0;36.5323;0.00051552;0.2690447328;;Error(0);Reverted
0xad36a162aa34ce0c69c147a4e19691fb61d06de211839257ab4145aa4cd91bdd;11337279;1606436273;2020-11-27 00:17:53;0xd729f8f5cdff11b852d49f530924090bccb9da47;0xfef0d2f3a79b4338d8418003dd9df89281242063;;0.07;0;36.5323;0.00051552;0.2690447328;;Error(0);Reverted
0x8852e1580c9a67e9fb1b02945eb9be6370266797a215cac389838cd201928603;11337286;1606436372;2020-11-27 00:19:32;0xdf12cee8c264b31040b1e99c3b9d4b339be49996;0xfef0d2f3a79b4338d8418003dd9df89281242063;;0.24;0;125.2536;0.001487029;0.7760655648;;;
0xb1448bdd6891d94022696c5d761bc821f028180e9ed80d27aff1ecf4243ab093;11337304;1606436624;2020-11-27 00:23:44;0x4361ddf937d79a5a5b4d129f9854f915f992fb14;0xfef0d2f3a79b4338d8418003dd9df89281242063;;1;0;521.89;0.0041119974;2.1460103231;;;
0x24e29d38707553e95b718c3fc826c57e4891efb6bcc60f50825c55ad3f063f06;11337347;1606437402;2020-11-27 00:36:42;0x3ae9009ca466c97a64f768d44b370d5a940bc72a;0xfef0d2f3a79b4338d8418003dd9df89281242063;;0.5;0;260.945;0.0196588019;10.2597321413;;;
0x0c3bf0d691c19faf8c25c2fc2701da31b83d2990918dfe28a914bd48bba13815;11337349;1606437406;2020-11-27 00:36:46;0x4361ddf937d79a5a5b4d129f9854f915f992fb14;0xfef0d2f3a79b4338d8418003dd9df89281242063;;1;0;521.89;0.004259871;2.2231840762;;;
0xed71c7976d97325681d289715a02baa291123a4d9ef992dfb69ab8a50880a5e3;11337407;1606438267;2020-11-27 00:51:07;0xd5d9413a0cadc28aae6768975536a4c2075cbdef;0xfef0d2f3a79b4338d8418003dd9df89281242063;;0.05;0;26.0945;0.00141768;0.7398730152;;Error(0);Reverted
0x1a0fb60bf8e09ae7e7d9d5203820be973bbb7f354998810c28289898d262a509;11337444;1606438903;2020-11-27 01:01:43;0x78815067c3926cc33f7790d87460bec779f42d4d;0xfef0d2f3a79b4338d8418003dd9df89281242063;;0.06;0;31.3134;0.004563306;2.3815437683;;;
0x3d28f18b0a2f5dc81751ce8321f019a31b95c84b12f44b0e6ba283dfd2b48981;11337449;1606438938;2020-11-27 01:02:18;0xd779168d8dcefbb109e7aef2293695b767baf298;0xfef0d2f3a79b4338d8418003dd9df89281242063;;0.25;0;130.4725;0.0046094;2.405599766;;;
0x32d645576ddfa818409f15258be3ab335a8cbddf07752eb8509bc94871ab4215;11337452;1606438953;2020-11-27 01:02:33;0x3ae9009ca466c97a64f768d44b370d5a940bc72a;0xfef0d2f3a79b4338d8418003dd9df89281242063;;0.351;0;183.18339;0.015741456;8.2153084718;;;
0xed0051dce285985464ee39194125a3f27b7af508342f85fee1b7ce8b4673706f;11337457;1606438992;2020-11-27 01:03:12;0x2517d23e22414e8bffa46f5a583696995cdeef04;0xfef0d2f3a79b4338d8418003dd9df89281242063;;0.979;0;510.93031;0.003802755;1.984619807;;;
0x7a19399f223ed6c2289c5e4f06d60ddf02e56346b4ba6f8d13a0afb26c46fdb9;11337483;1606439425;2020-11-27 01:10:25;0x391657f9ee829e283d5b3f75755d2a1d7f8c03a5;0xfef0d2f3a79b4338d8418003dd9df89281242063;;0.1;0;52.189;0.0050196366;2.6196981452;;;
0xd30411c89c8203207b7f19906d08c80ba3f49977e8150871fc6484251fa8aa97;11337511;1606439707;2020-11-27 01:15:07;0x0272232769dc80a1a5ee1be0bcb62a21f0c04d8a;0xfef0d2f3a79b4338d8418003dd9df89281242063;;1.2;0;626.268;0.009017943;4.7063742723;;;
0x7398e31530bd4197e6a297d915913e6002a57b47d38dc7edb3d04b4b82cb6e95;11337520;1606439825;2020-11-27 01:17:05;0x194a99846a36380df9f210cacff34cbee4639c79;0xfef0d2f3a79b4338d8418003dd9df89281242063;;0.08;0;41.7512;0.0042636952;2.2251798713;;;
0x5719e79060e1e994befe12f759a44509fbe010633f409e2e05d352842f2ed03f;11337570;1606440461;2020-11-27 01:27:41;0x43d24e4d442eebb1936eb5dbe2abb4a9cd68f861;0xfef0d2f3a79b4338d8418003dd9df89281242063;;0.98;0;511.4522;0.0062716599;3.2731165852;;;
0x77d5ab328f508ab1c153deccba67cec6298b43d323fcb188fc9e4a4eefa1607f;11337574;1606440476;2020-11-27 01:27:56;0x41b7a41a35e08b81abe2a4c66f6f7a1666270543;0xfef0d2f3a79b4338d8418003dd9df89281242063;;0.05;0;26.0945;0.00414846;2.1650397894;;;
0x2bca79307e5fdca6d74d3fca7049ecd19a9f26adc760cff9101beb164335c389;11337603;1606440938;2020-11-27 01:35:38;0x69f150ec54172383de41ba4f061b84a590bf9bd3;0xfef0d2f3a79b4338d8418003dd9df89281242063;;0.1;0;52.189;0.00519585;2.7116621565;;;
0x7e2482c1165a189545ef1e87a04ff9a383666753a0de46680c67c1e60d3cfa6d;11337604;1606440946;2020-11-27 01:35:46;0x60c1e9fe9d09e9d618f42095324c36c204fe31a6;0xfef0d2f3a79b4338d8418003dd9df89281242063;;0.1;0;52.189;0.00519585;2.7116621565;;;
0x94a77b36ab5659b935a3877d8508f35624a2aa921cf8a5485f26e5efc139a2ba;11337605;1606440951;2020-11-27 01:35:51;0x0181de7642cd87e1a05241232d7636962b0a0497;0xfef0d2f3a79b4338d8418003dd9df89281242063;;9.85;0;5140.6165;0.00345705;1.8041998245;;;
0xaabc6a1ed0ff99f732bf00c64f5ec813135892bbc36b6f49185908f5b976be40;11337641;1606441417;2020-11-27 01:43:37;0x4361ddf937d79a5a5b4d129f9854f915f992fb14;0xfef0d2f3a79b4338d8418003dd9df89281242063;;0.2;0;104.378;0.002880875;1.5034998538;;;
0xf95f971a623f0e46dcfe3f68f97c28b3d571e59b9e1a65c0e68f039a4a292440;11337641;1606441417;2020-11-27 01:43:37;0x9b587299bf4935c0b330b012b1b3438fe4612dd1;0xfef0d2f3a79b4338d8418003dd9df89281242063;;0.12;0;62.6268;0.002880875;1.5034998538;;;
0x14d06583e9e58371abf033ceaf20b520bce90ff1eb874a5a81ec57499f7ff581;11337647;1606441477;2020-11-27 01:44:37;0x592f919151be78216fa45dfd7e9ea41609a47a05;0xfef0d2f3a79b4338d8418003dd9df89281242063;;0.25;0;130.4725;0.0038654385;2.0173336988;;;
0xf88d020e105bb55edc859deccb01c44ee7fda370867b28049b52dc0ff4bb0d5b;11337647;1606441477;2020-11-27 01:44:37;0x592f919151be78216fa45dfd7e9ea41609a47a05;0xfef0d2f3a79b4338d8418003dd9df89281242063;;0.25;0;130.4725;0.004263695;2.2251797836;;;
0xa1cff4eeb51a9dc40d117fbe1aad5944b50b58df2618ae6f0688199ea374ff51;11337649;1606441505;2020-11-27 01:45:05;0x4361ddf937d79a5a5b4d129f9854f915f992fb14;0xfef0d2f3a79b4338d8418003dd9df89281242063;;0.25;0;130.4725;0.00224905;1.1737567045;;;
0x27f75c3b14509074490ce9c0e0a23757471d227e5db348aa96aae6a9bc0f2f5c;11337653;1606441541;2020-11-27 01:45:41;0x83f140e0a6dc6dc93270912e205cd24f057c984e;0xfef0d2f3a79b4338d8418003dd9df89281242063;;0.05;0;26.0945;0.00345705;1.8041998245;;;
0xff9a885db1ea312d6cb239d1ee455af38411b53938fd02b7defcc5495992de5c;11337684;1606442074;2020-11-27 01:54:34;0x5eded797f9077c354ab79570462e95c64c3dd824;0xfef0d2f3a79b4338d8418003dd9df89281242063;;1;0;521.89;0.0035719132;1.8641457633;;;
0xe76f9c97c055e5d6d294f2e72b9ae5270322cb1e6f0f6eb2c870d45d52de4d4f;11337709;1606442404;2020-11-27 02:00:04;0xab587ed25f72da9ff2d9209f70ce1a086d100341;0xfef0d2f3a79b4338d8418003dd9df89281242063;;0;0;0;0.012820493;6.6908870918;;;
0x0fdf2aecc3ffde0b1bed679b67d5ac4c06d7061b9e4273930a4436a6e663e6c1;11337811;1606443586;2020-11-27 02:19:46;0x9c565c066956f3f911b76904e04eab6e28cb6014;0xfef0d2f3a79b4338d8418003dd9df89281242063;;0.25;0;130.4725;0.0039179902;2.0447598888;;;
0xff94a797999e6ca0571e494c44eaafb491ccfd44108088c6036662e41ca23164;11337847;1606444101;2020-11-27 02:28:21;0x06530dd54a54c25e9debc2b3eeed455844e74312;0xfef0d2f3a79b4338d8418003dd9df89281242063;;0.2;0;104.378;0.001530805;0.7989118215;;;
0x7543a3302b0900d58af068c9b00de49cd98e4fdc61298aa0ba1c9a97067ade4d;11337879;1606444660;2020-11-27 02:37:40;0xb85e2d6d2121c090c3a9ecb4a719bd2a392b8ef1;0xfef0d2f3a79b4338d8418003dd9df89281242063;;0.09;0;46.9701;0.003295721;1.7200038447;;;
0xc49d5302dd3279f8b5f6c9a87bd067df9f0c8b6cfb8a7661d0b0435b956b7422;11337889;1606444757;2020-11-27 02:39:17;0xb85e2d6d2121c090c3a9ecb4a719bd2a392b8ef1;0xfef0d2f3a79b4338d8418003dd9df89281242063;;0.07;0;36.5323;0.0033274109;1.7365424517;;;
0x19df4dbebb6dc1e06afbbf70bfb34faf25cd7feb171248e2104105136a26fa4c;11338069;1606447167;2020-11-27 03:19:27;0x7df82ac614a41b872cccfc9e735175793755160b;0xfef0d2f3a79b4338d8418003dd9df89281242063;;0.42;0;219.1938;0.002880875;1.5034998538;;;
0x1815b0f7b9e71901692a07e3be6acf4949f26590790d3db9eee4f385091af1c9;11338144;1606448047;2020-11-27 03:34:07;0xaec539a116fa75e8bdcf016d3c146a25bc1af93b;0xfef0d2f3a79b4338d8418003dd9df89281242063;;0.1;0;52.189;0.0023047;1.202799883;;;
0xa21640a70a2ba7e9e146ce8cb41a3ce30b26617205aacb2499a1336ec7dcd6d8;11338249;1606449348;2020-11-27 03:55:48;0x297bf1c734bf29948ace9a4a750d27ce2649c8ca;0xfef0d2f3a79b4338d8418003dd9df89281242063;;0.05;0;26.0945;0.0022931765;1.1967858836;;;
0x2a593aa50b0c63be387266c7d2bb583e05c6574413ad645f67fc96c55bad5a35;11338263;1606449551;2020-11-27 03:59:11;0x297bf1c734bf29948ace9a4a750d27ce2649c8ca;0xfef0d2f3a79b4338d8418003dd9df89281242063;;0.05;0;26.0945;0.0022931765;1.1967858836;;;
0xb32d9380dfeccd737c0b3f954475e1020b817603308025185e4b92e2863e759b;11338274;1606449673;2020-11-27 04:01:13;0x297bf1c734bf29948ace9a4a750d27ce2649c8ca;0xfef0d2f3a79b4338d8418003dd9df89281242063;;0.05;0;26.0945;0.002419935;1.2629398772;;;
0x242ebebebb281f54dda5a6667925be7ea96475942eb5cd4f58a228c6fac90faa;11338283;1606449774;2020-11-27 04:02:54;0x297bf1c734bf29948ace9a4a750d27ce2649c8ca;0xfef0d2f3a79b4338d8418003dd9df89281242063;;0.05;0;26.0945;0.00152355;0.7951255095;;;
0x72debf463b61121fd67314346f02d27aa6e124ec828976746e610828a3315841;11338324;1606450450;2020-11-27 04:14:10;0x22e8ce18d2d1155bf65730476d2a8b87ffa69394;0xfef0d2f3a79b4338d8418003dd9df89281242063;;0;0;0;0.0066467284;3.4688610868;;;
0xac0ac0de4a4108288f6e3b146122ecd6618a0b32ca600ed647b095aa478f6d4c;11338405;1606451431;2020-11-27 04:30:31;0xb066a700daabe9de611b3d3add039076a287b607;0xfef0d2f3a79b4338d8418003dd9df89281242063;;0.2;0;104.378;0.008666025;4.5227117873;;;
0x592aeb44fac3229d7b3088432a873eaa8879c1b55a7f639b43947e8d627ebd27;11338422;1606451705;2020-11-27 04:35:05;0xc4167875cdd87602b4031e70f744c303ca5892b7;0xfef0d2f3a79b4338d8418003dd9df89281242063;;0.1;0;52.189;0.0023047;1.202799883;;;
0x237c208d128d99115d795cebf68793d5def3616459ce7f35906dfc557588ea1b;11338425;1606451722;2020-11-27 04:35:22;0x6cdbef5acffb455188c21825826180aba70cc0dc;0xfef0d2f3a79b4338d8418003dd9df89281242063;;3.5;0;1826.615;0.008676875;4.5283742938;;;
0xff8995c72f5fb139c2d6a42f7e3e2b66e6c4a42be974beed3b1c616d1885ba22;11338428;1606451770;2020-11-27 04:36:10;0xc4167875cdd87602b4031e70f744c303ca5892b7;0xfef0d2f3a79b4338d8418003dd9df89281242063;;0.15;0;78.2835;0.0023047002;1.2027999707;;;
0x67ce4cbcbedd0156db6a8eb95ff39c0249d668a0fe562ab26393f5489a37cdac;11338430;1606451788;2020-11-27 04:36:28;0x51b4a326b905789c171539a02eba0d1d875ede1d;0xfef0d2f3a79b4338d8418003dd9df89281242063;;1;0;521.89;0.00691092;3.6067400388;;;
0x3e8c53758ae458716337b1fcd2ac362cc5b08b15a30be59fbcb92f208083d91b;11338434;1606451846;2020-11-27 04:37:26;0xc4167875cdd87602b4031e70f744c303ca5892b7;0xfef0d2f3a79b4338d8418003dd9df89281242063;;0.05;0;26.0945;0.002419935;1.2629398772;;;
0x23b0c73c4abe2b54eacd46d99ca7bc60033f23d0c5ae414bf39c69a26e2c2bb1;11338439;1606451904;2020-11-27 04:38:24;0xc4167875cdd87602b4031e70f744c303ca5892b7;0xfef0d2f3a79b4338d8418003dd9df89281242063;;0.15;0;78.2835;0.0023047002;1.2027999707;;;
0x4bcd9fcecd3ed121a2922730c276081939676a35f81a6dbd2d5ff21ed50b63d5;11338455;1606452053;2020-11-27 04:40:53;0x36ba130d03a3c8c8527bb9a8012c4831c96e2d95;0xfef0d2f3a79b4338d8418003dd9df89281242063;;1;0;521.89;0.0021894652;1.1426599766;;;
0x6f40c215aa6d06bbc28143a3ac675661ee0067a79eb6925501581aceec17d69a;11338466;1606452189;2020-11-27 04:43:09;0x36ba130d03a3c8c8527bb9a8012c4831c96e2d95;0xfef0d2f3a79b4338d8418003dd9df89281242063;;1;0;521.89;0.0020742302;1.0825199824;;;
0x7d1724c0d13df5e690b3b4c9f9eae10d63f0d3be6758e75b6bd60e8e7a394859;11338485;1606452420;2020-11-27 04:47:00;0x428629e8d11e9789f83ba056befcbdb1f0d3e941;0xfef0d2f3a79b4338d8418003dd9df89281242063;;0.05;0;26.0945;0.0020742302;1.0825199824;;;
0x10f0660e625d15ff4de08c29e6f1275c3d176294248618afc6ff4b009b2b968c;11338505;1606452719;2020-11-27 04:51:59;0x428629e8d11e9789f83ba056befcbdb1f0d3e941;0xfef0d2f3a79b4338d8418003dd9df89281242063;;0.05;0;26.0945;0.0020857535;1.0885338941;;;
0x458b557506101f824dd6f6f11d768bbc7be2da4754b68f948b95c55b261e9392;11338538;1606453023;2020-11-27 04:57:03;0xe5563accfc63166b19b278e150fa9507c814ccf5;0xfef0d2f3a79b4338d8418003dd9df89281242063;;0.21;0;109.5969;0.003973779;2.0738755223;;;
0xf688ad2da17ab55bd9c3adad910202babb4e20e5ef043e4f6e1d5a46d089eef0;11338585;1606453689;2020-11-27 05:08:09;0x51b4a326b905789c171539a02eba0d1d875ede1d;0xfef0d2f3a79b4338d8418003dd9df89281242063;;0.5;0;260.945;0.0046094;2.405599766;;;
0xac474a14b9c07c96fbbf4ba215a6efc96cee935d1f26933809b7f7b3c64e35dd;11338593;1606453790;2020-11-27 05:09:50;0x51b4a326b905789c171539a02eba0d1d875ede1d;0xfef0d2f3a79b4338d8418003dd9df89281242063;;0.5;0;260.945;0.00345705;1.8041998245;;;
0x452ada6992a6ab24e21a6e579652fb94f52093956d818ccc0ea81941e6eac612;11338595;1606453846;2020-11-27 05:10:46;0xdbe66c98308f601c7bb084c26cf7dc399e12da72;0xfef0d2f3a79b4338d8418003dd9df89281242063;;0.14;0;73.0646;0.0025779712;1.3454173896;;;
0xaeab67b3846986f69a68877ebc41cc2581dafc8a4a84282a52f9d67609c43711;11338683;1606455184;2020-11-27 05:33:04;0x5b4e122ec8893752cabac5363ff9d062b7c0d9a4;0xfef0d2f3a79b4338d8418003dd9df89281242063;;0.11;0;57.4079;0.0051674643;2.6968479509;;;
0xf8d2d4e66d1301d094bef81050794583bf8ebaaa9f11e9add3a211716cbe8bf7;11338713;1606455562;2020-11-27 05:39:22;0xd5e67e9aa7cd0cf1ccd3af7420801290b1b92629;0xfef0d2f3a79b4338d8418003dd9df89281242063;;0.38;0;198.3182;0.0060392891;3.1518445884;;;
0xe1931b0859626541b03df022cbcbdc8afe5e0e1b142f9e7dd8d6c9a4c4e52122;11338797;1606456664;2020-11-27 05:57:44;0xdbe66c98308f601c7bb084c26cf7dc399e12da72;0xfef0d2f3a79b4338d8418003dd9df89281242063;;0.23;0;120.0347;0.0016403555;0.8560851319;;;
0x38f4e807ef9aaaa57037e62325e91fb329de0f775ee3984fb123ed3ac0809589;11338824;1606456973;2020-11-27 06:02:53;0x80f23ab3e214716ad66c64fca833fae5b4e6abbc;0xfef0d2f3a79b4338d8418003dd9df89281242063;;0.2143;0;111.841027;0.002995798;1.5634770182;;;
0x63a0b70778f0cf2ad0122a2d26fa3c3e24816f4bbb28f8ee95504a421c89005b;11338828;1606457047;2020-11-27 06:04:07;0x80f23ab3e214716ad66c64fca833fae5b4e6abbc;0xfef0d2f3a79b4338d8418003dd9df89281242063;;0.05;0;26.0945;0.002995798;1.5634770182;;;
0xb88b7c92c31777b5c5e2bad123824da3c20d0128211199b040c2b65795f35a37;11338853;1606457455;2020-11-27 06:10:55;0x888592eab1bc578279c5f2e44e32a9fefdb83799;0xfef0d2f3a79b4338d8418003dd9df89281242063;;0.15;0;78.2835;0.0016403555;0.8560851319;;;
0x30b8b5c9c74bcbf86e0c009f5cedc1fee80564e394a17ecf6a14cf7a4b6aef77;11338855;1606457470;2020-11-27 06:11:10;0x718c9abf45096785a11556c41954efb3bde31a45;0xfef0d2f3a79b4338d8418003dd9df89281242063;;0.2;0;104.378;0.0026054634;1.3597652677;;;
0x85f3bec2a8ae43cc0deccb3e551e6c5b9bca1d6daa9bd46f73e4c9326fdb8182;11338919;1606458186;2020-11-27 06:23:06;0x833812fbcf93d40c3f2214bb901083750f57862c;0xfef0d2f3a79b4338d8418003dd9df89281242063;;0.15;0;78.2835;0.005167464;2.696847787;;;
0x2fa808cb4678b7cf737ab1fafabdc01975b697cc9e8513e6e7c3dcf45e49b3d2;11338929;1606458275;2020-11-27 06:24:35;0x833812fbcf93d40c3f2214bb901083750f57862c;0xfef0d2f3a79b4338d8418003dd9df89281242063;;0.15;0;78.2835;0.002581264;1.347135869;;;
0xbe1d4d511d5ad57627eda1f03d646bb934fc482a5f777625c3f32c85512f7b80;11338942;1606458448;2020-11-27 06:27:28;0x833812fbcf93d40c3f2214bb901083750f57862c;0xfef0d2f3a79b4338d8418003dd9df89281242063;;0.1;0;52.189;0.0021894652;1.1426599699;;;
0x1f47891b6bea7609539fd925f2f389e1be9bb39180f35a323cd35b2455ef44fb;11338980;1606458945;2020-11-27 06:35:45;0x9daa7a12d9214824aff6e452b9b48d687d166a50;0xfef0d2f3a79b4338d8418003dd9df89281242063;;1;0;521.89;0.0040601655;2.1189597728;;;
0x11073bb0d6d6e56fe1b696d1bb01ff149b9b115033cf0b13e5e2ed5302a5f6b1;11339147;1606461281;2020-11-27 07:14:41;0x88c64323d2a963c576fc022afc1ecacfd8b38a35;0xfef0d2f3a79b4338d8418003dd9df89281242063;;0.35;0;182.6615;0.005167464;2.696847787;;;
